<?xml version="1.0" encoding="UTF-8"?>
<?xml-model href="borgia_maxsilvham_schema.rnc" type="application/relax-ng-compact-syntax"?>
<root>
    <notepad>
        <top>
        <lb n="1"/><recordco>APPLE CORPS LIMITED</recordco>
        <lb n="2"/><address location = "London">3 SAVILE ROW LONDON W1</address>
        <lb n="3"/>TELEPHONE 01-734-8232
        <lb n="4"/>CABLES APCORE LONDON W1
        </top>
    </notepad>
    <handwrit>
        <title song="MaxSH">Maxwell's Silver Hammer</title>
        <verse>
            <first> 
                <lb n="1"/>Joan was quizzical,
                <lb n="2"/>Studied pataphysical science in the home.
                <lb n="3"/>Late nights all alone with a test tube
                <lb n="4"/>oh oh oh oh.
                <lb n="5"/>Maxwell Edison majoring in medicine
                <lb n="6"/>Called <Xout>her</Xout> her on the phone,
                <lb n="7"/>Can I take you out to the pictures? Joan
                <lb n="8"/> <indent>oh oh ooh....</indent>
            </first>
        </verse>
        <bridge>
            <lb n="1"/>But as she's getting ready to go,
            <lb n="2"/>A knock comes on the door.
        </bridge>
        <chorus>
            <lb n="1"/><metascript>Chorus:</metascript>
            <lb n="2"/>Bang bang Maxwell's silver Hammer
            <lb n="3"/>Came down upon her head.
            <lb n="4"/>Clang clang Maxwell's silver hammer
            <lb n="5"/>Made sure that Joan was dead.
        </chorus>
        <verse>
            <second>
                <lb n="1"/>Back in <replace firstVersion="badwords">class</replace><replace recordVersion="ratedPG">school</replace> again
                <lb n="2"/>Maxwell <replace firstVersion="badwords">plays the ass</replace><replace secondVersion="badwords">is an ass</replace><replace recordVersion="ratedPG">a fool</replace> again
                <lb n="3"/> Teach<replace firstVersion="orig">ing</replace><replace recordVersion="final">er</replace> gets annoyed
                <lb n="4"/>Wishing to avoid an unpleasant scene....
                <lb n="5"/>She tells him to stay when the class has gone
                <lb n="6"/><indent>away.</indent>
                <lb n="7"/>You will wait behind.
            </second>
        </verse>
    </handwrit>
    <notepad>
        <bottom>DIRECTORS NASPINALL D O'DELL H PINSKER</bottom>
    </notepad>
</root>
